-- Part 1: Normalized OLTP Schema

-- Drop tables if they exist to start fresh
DROP TABLE IF EXISTS billing;

DROP TABLE IF EXISTS encounter_procedures;

DROP TABLE IF EXISTS procedures;

DROP TABLE IF EXISTS encounter_diagnoses;

DROP TABLE IF EXISTS diagnoses;

DROP TABLE IF EXISTS encounters;

DROP TABLE IF EXISTS providers;

DROP TABLE IF EXISTS departments;

DROP TABLE IF EXISTS specialties;

DROP TABLE IF EXISTS patients;

CREATE TABLE patients (
    patient_id INT PRIMARY KEY,
    first_name VARCHAR(100),
    last_name VARCHAR(100),
    date_of_birth DATE,
    gender CHAR(1),
    mrn VARCHAR(20) UNIQUE
);

CREATE TABLE specialties (
    specialty_id INT PRIMARY KEY,
    specialty_name VARCHAR(100),
    specialty_code VARCHAR(10)
);

CREATE TABLE departments (
    department_id INT PRIMARY KEY,
    department_name VARCHAR(100),
    floor INT,
    capacity INT
);

CREATE TABLE providers (
    provider_id INT PRIMARY KEY,
    first_name VARCHAR(100),
    last_name VARCHAR(100),
    credential VARCHAR(20),
    specialty_id INT,
    department_id INT,
    FOREIGN KEY (specialty_id) REFERENCES specialties (specialty_id),
    FOREIGN KEY (department_id) REFERENCES departments (department_id)
);

CREATE TABLE encounters (
    encounter_id INT PRIMARY KEY,
    patient_id INT,
    provider_id INT,
    encounter_type VARCHAR(50), -- 'Outpatient', 'Inpatient', 'ER'
    encounter_date DATETIME,
    discharge_date DATETIME,
    department_id INT,
    FOREIGN KEY (patient_id) REFERENCES patients (patient_id),
    FOREIGN KEY (provider_id) REFERENCES providers (provider_id),
    FOREIGN KEY (department_id) REFERENCES departments (department_id),
    INDEX idx_encounter_date (encounter_date)
);

CREATE TABLE diagnoses (
    diagnosis_id INT PRIMARY KEY,
    icd10_code VARCHAR(10),
    icd10_description VARCHAR(200)
);

CREATE TABLE encounter_diagnoses (
    encounter_diagnosis_id INT PRIMARY KEY,
    encounter_id INT,
    diagnosis_id INT,
    diagnosis_sequence INT,
    FOREIGN KEY (encounter_id) REFERENCES encounters (encounter_id),
    FOREIGN KEY (diagnosis_id) REFERENCES diagnoses (diagnosis_id)
);

CREATE TABLE procedures (
    procedure_id INT PRIMARY KEY,
    cpt_code VARCHAR(10),
    cpt_description VARCHAR(200)
);

CREATE TABLE encounter_procedures (
    encounter_procedure_id INT PRIMARY KEY,
    encounter_id INT,
    procedure_id INT,
    procedure_date DATE,
    FOREIGN KEY (encounter_id) REFERENCES encounters (encounter_id),
    FOREIGN KEY (procedure_id) REFERENCES procedures (procedure_id)
);

CREATE TABLE billing (
    billing_id INT PRIMARY KEY,
    encounter_id INT,
    claim_amount DECIMAL(12, 2),
    allowed_amount DECIMAL(12, 2),
    claim_date DATE,
    claim_status VARCHAR(50),
    FOREIGN KEY (encounter_id) REFERENCES encounters (encounter_id),
    INDEX idx_claim_date (claim_date)
);

-- Sample Data

INSERT INTO
    specialties
VALUES (1, 'Cardiology', 'CARD'),
    (2, 'Internal Medicine', 'IM'),
    (3, 'Emergency', 'ER');

INSERT INTO
    departments
VALUES (1, 'Cardiology Unit', 3, 20),
    (2, 'Internal Medicine', 2, 30),
    (3, 'Emergency', 1, 45);

INSERT INTO
    providers
VALUES (
        101,
        'James',
        'Chen',
        'MD',
        1,
        1
    ),
    (
        102,
        'Sarah',
        'Williams',
        'MD',
        2,
        2
    ),
    (
        103,
        'Michael',
        'Rodriguez',
        'MD',
        3,
        3
    );

INSERT INTO
    patients
VALUES (
        1001,
        'John',
        'Doe',
        '1955-03-15',
        'M',
        'MRN001'
    ),
    (
        1002,
        'Jane',
        'Smith',
        '1962-07-22',
        'F',
        'MRN002'
    ),
    (
        1003,
        'Robert',
        'Johnson',
        '1948-11-08',
        'M',
        'MRN003'
    );

INSERT INTO
    diagnoses
VALUES (3001, 'I10', 'Hypertension'),
    (
        3002,
        'E11.9',
        'Type 2 Diabetes'
    ),
    (
        3003,
        'I50.9',
        'Heart Failure'
    );

INSERT INTO
    procedures
VALUES (4001, '99213', 'Office Visit'),
    (4002, '93000', 'EKG'),
    (4003, '71020', 'Chest X-ray');

INSERT INTO
    encounters
VALUES (
        7001,
        1001,
        101,
        'Outpatient',
        '2024-05-10 10:00:00',
        '2024-05-10 11:30:00',
        1
    ),
    (
        7002,
        1001,
        101,
        'Inpatient',
        '2024-06-02 14:00:00',
        '2024-06-06 09:00:00',
        1
    ),
    (
        7003,
        1002,
        102,
        'Outpatient',
        '2024-05-15 09:00:00',
        '2024-05-15 10:15:00',
        2
    ),
    (
        7004,
        1003,
        103,
        'ER',
        '2024-06-12 23:45:00',
        '2024-06-13 06:30:00',
        3
    );

INSERT INTO
    encounter_diagnoses
VALUES (8001, 7001, 3001, 1),
    (8002, 7001, 3002, 2),
    (8003, 7002, 3001, 1),
    (8004, 7002, 3003, 2),
    (8005, 7003, 3002, 1),
    (8006, 7004, 3001, 1);

INSERT INTO
    encounter_procedures
VALUES (
        9001,
        7001,
        4001,
        '2024-05-10'
    ),
    (
        9002,
        7001,
        4002,
        '2024-05-10'
    ),
    (
        9003,
        7002,
        4001,
        '2024-06-02'
    ),
    (
        9004,
        7003,
        4001,
        '2024-05-15'
    );

INSERT INTO
    billing
VALUES (
        14001,
        7001,
        350,
        280,
        '2024-05-11',
        'Paid'
    ),
    (
        14002,
        7002,
        12500,
        10000,
        '2024-06-08',
        'Paid'
    );